idmonitor,namemonitor,pricemonitor,imgmonitor
1,LG 24GN60R-B,"4,000",https://notebookspec.com/storage/pc-mon/1645-1.png
2,LENOVO L24e-30,"2,930",https://notebookspec.com/storage/pc-mon/mon_1256_20210208-112754_1.png
3,MSI G274QPF-QD,"10,900",https://notebookspec.com/storage/pc-mon/1658-1.png
4,LG 22MP410-B,"2,040",https://notebookspec.com/storage/pc-mon/1614-1.png
5,LG 24MK600M-B,"3,715",https://notebookspec.com/storage/pc-mon/1695-nbs-spec-pic-1-1.png
6,DAHUA DHI-LM24-E230C,"3,740",https://notebookspec.com/storage/pc-mon/1648-1.png
7,LENOVO G24-20,"4,690",https://notebookspec.com/storage/pc-mon/mon_1477_20211004-181900_1.png
8,LENOVO Q24h-10,"9,350",https://notebookspec.com/storage/pc-mon/mon_1477_20211004-181900_1.png
9,ASUS VP229HE,"2,500",https://notebookspec.com/storage/pc-mon/mon_1391_20210601-163115_1.png
10,MSI Optix MAG24C4,"3,890",https://notebookspec.com/storage/pc-mon/mon_1307_20210330-160712_1.png
